mol,sigma-p,sigma-m,p-Mulliken,m-Mulliken,p-xTB-Mulliken,m-xTB-Mulliken,p-NPA,m-NPA,p-MBS-Mulliken,m-MBS-Mulliken,p-Hirshfeld,m-Hirshfeld,p-Iterative Hirshfeld,m-Iterative Hirshfeld,p-ML-QMDESC Hirshfeld,m-ML-QMDESC Hirshfeld,p-CHELPG,m-CHELPG,p-MKUFF,m-MKUFF,p-HLYGAt,m-HLYGAt,p-APT,m-APT,p-CM5,m-CM5,p-xTB-CM5,m-xTB-CM5,p-Iterative CM5,m-Iterative CM5,p-NMR (GIAO),m-NMR (GIAO),p-NMR (CSGT),m-NMR (CSGT),p-NMR (IGAIM),m-NMR (IGAIM),p-NMR (ML-CASCADE),m-NMR (ML-CASCADE),p-NMR (ML-QMDESC),m-NMR (ML-QMDESC)
1,-0.17,-0.07,0.106749,0.10583100000000001,-0.0347,-0.02679,-0.21867,-0.19912,-0.109627,-0.103229,-0.046215,-0.041378,-0.10732,-0.0811795,-0.043533806,-0.038924202,-0.116113,-0.059868000000000005,-0.179692,-0.08406649999999999,-0.186817,-0.090044,-0.099783,-0.0144765,-0.102161,-0.0972225,-0.09065,-0.082635,-0.163266,-0.137024,53.0793,50.01525,50.8072,47.77335,50.8224,47.78845,126.09,128.35,69.81199646,66.87653351
2,-0.66,-0.16,0.101737,0.103036,-0.05504,-0.02303,-0.2552,-0.18305,-0.130991,-0.095029,-0.0635,-0.04136,-0.152201,-0.050984,-0.061818093,-0.039878063,-0.125126,-0.0662395,-0.160296,-0.1093005,-0.157922,-0.1312275,-0.269663,0.1134985,-0.119459,-0.096894,-0.111,-0.07856,-0.208161,-0.106518,61.8922,48.68115,59.5165,46.35635,59.5315,46.37125,117.67,129.52,77.92490387,66.29174805
3,-0.37,0.12,0.106661,0.109618,-0.05036,-0.021765,-0.24344,-0.183965,-0.122591,-0.094727,-0.056298,-0.037195,-0.139792,-0.043233999999999995,-0.054587409,-0.0355390815,-0.169902,-0.027167,-0.213204,-0.05984249999999999,-0.214206,-0.0719685,-0.203052,0.0742755,-0.112277,-0.0928605,-0.10634,-0.077435,-0.195771,-0.098899,59.1579,48.37795,56.8242,46.114450000000005,56.839,46.129149999999996,120.99,129.94,75.9250412,65.64602661
4,0.06,0.34,0.113742,0.11815,-0.03944,-0.02065,-0.2257,-0.18702,-0.111044,-0.094942,-0.045683,-0.032018,-0.120191,-0.0428865,-0.042534225,-0.031196605,-0.159784,-0.0229235,-0.219863,-0.044588,-0.20919,-0.0709935,-0.120406,0.0247495,-0.101648,-0.087675,-0.09541,-0.0763,-0.176157,-0.098543,54.9841,48.0922,52.8199,45.94085,52.8343,45.9551,124.94,130.38,71.47977448,65.5269928
5,0.23,0.37,0.114894,0.115807,-0.03458,-0.02074,-0.21404,-0.19108,-0.103836,-0.096403,-0.039424,-0.032251,-0.104209,-0.063194,-0.038502891,-0.031435154,-0.066737,-0.1029685,-0.06107,-0.20346350000000002,-0.087506,-0.2043605,-0.081785,-0.0037695000000000003,-0.095398,-0.088057,-0.09055,-0.07655,-0.160183,-0.119,52.7075,48.7352,50.725,46.6954,50.7396,46.7099,127.13,129.63,69.62817383,65.91110229
6,0.23,0.39,0.115494,0.116521,-0.03398,-0.02305,-0.21182,-0.19085,-0.101428,-0.096527,-0.037845,-0.031774,-0.101007,-0.065898,-0.036597636,-0.030102187500000002,-0.094015,-0.086525,-0.04018,-0.226858,-0.041125,-0.2581075,-0.073737,-0.00243,-0.093824,-0.087646,-0.08997,-0.07892,-0.156986,-0.12177,52.0055,48.64945,50.0442,46.59155,50.0574,46.60425,129.39,130.19,68.81111908,65.58060455
7,0.18,0.35,0.115617,0.116316,-0.03465,-0.02472,-0.20983,-0.19215,-0.102622,-0.09703149999999999,-0.036746,-0.032169,-0.097834,-0.070206,-0.035268806,-0.0299163925,-0.055681,-0.116981,0.038389,-0.3111585,0.054823,-0.3714905,-0.085671,-0.0053085,-0.092726,-0.088068,-0.09063,-0.08061,-0.153814,-0.126105,51.3446,48.624,49.398,46.513,49.4124,46.5272,131.42,131.37,68.30947876,65.81150055
8,-0.15,-0.07,0.1063678628644613,0.10530525992530876,-0.0340655532047924,-0.026968092690395448,-0.2179244938279368,-0.1999464181849406,-0.1096110820306915,-0.1035232689005903,-0.046184599334358,-0.0418214459733138,-0.1066853977280614,-0.0822431531250945,-0.042658553,-0.038340148,-0.0724639636990512,-0.08967125837984524,-0.1207616911281171,-0.1379539229629562,-0.1215279333545333,-0.13798807081915132,-0.095363617366191,-0.016769205817352598,-0.1021364425638339,-0.09768716425669775,-0.0900155532047924,-0.0828296817556789,-0.1626366096034326,-0.13810837140847845,53.07933200100135,49.98495032751177,50.64535229101031,47.68379699615779,50.66055229101032,47.69881542845255,125.96,128.57,69.61449432,66.93556213
9,-0.15,-0.04,0.106253,0.10499349999999999,-0.03287,-0.02732,-0.21724,-0.199705,-0.10915,-0.103618,-0.045935,-0.041656,-0.106315,-0.0833625,-0.042918291,-0.038846366,-0.125469,-0.043115,-0.204142,-0.055039500000000005,-0.202693,-0.067352,-0.093779,-0.0148745,-0.101887,-0.09753500000000001,-0.08883,-0.08319499999999999,-0.162266,-0.139241,52.5255,49.8802,50.0938,47.57925,50.109,47.594300000000004,126.33,128.905,69.68173981,66.94159698
10,-0.2,-0.1,0.105319,0.1041405,-0.03274,-0.02741,-0.21628,-0.199815,-0.108892,-0.1039755,-0.04608,-0.042337,-0.106377,-0.0849935,-0.042752918,-0.03991735,-0.105862,-0.0621555,-0.182671,-0.066603,-0.181458,-0.0797175,-0.099087,-0.012341999999999999,-0.102045,-0.0983165,-0.0887,-0.083395,-0.162343,-0.1409735,53.0466,50.4574,50.6399,48.10295,50.6552,48.117999999999995,126.4,128.625,69.21689606,66.68695831
11,-0.04,0.06,0.109909,0.1084175,-0.02929,-0.027155,-0.20636,-0.2022,-0.103897,-0.101948,-0.039706,-0.0392145,-0.093706,-0.08934049999999999,-0.036476217,-0.037154604,-0.124864,-0.0280035,-0.146035,-0.10392000000000001,-0.152816,-0.1155815,-0.084795,-0.03755,-0.095663,-0.095111,-0.08525,-0.08305,-0.149662,-0.1452365,50.4326,49.87825,48.0949,47.65105,48.11,47.6661,127.25,128.82999999999998,67.49449158,67.0765686
12,0.66,0.56,0.123238,0.1231665,-0.02042,-0.022805,-0.18276,-0.20192,-0.088054,-0.09621350000000001,-0.022579,-0.0283105,-0.067324,-0.0907745,-0.020362955,-0.027982550000000002,-0.06029,-0.0576065,-0.114585,-0.085031,-0.111784,-0.104189,0.018762,-0.0964235,-0.078527,-0.0842075,-0.07637,-0.078705,-0.123272,-0.1466715,46.4989,49.59365,44.3354,47.5212,44.3503,47.536,133.68,129.0,63.37157059,66.62623596
13,-0.11,-0.03,0.1081783918139182,0.1073925259279905,-0.0332138000731305,-0.02724096687362985,-0.2150083644431478,-0.20007939947541858,-0.1078978514701263,-0.10294844143416335,-0.0442522081410926,-0.0408643860425174,-0.1034196311357654,-0.08353862373133225,-0.042730819,-0.038684707,-0.0762035001070784,-0.08206777455212165,-0.1283041203107729,-0.100881300699478,-0.146182091463936,-0.09797013183266365,-0.0872692825902103,-0.02001329864245985,-0.1001954306845942,-0.09669405761550505,-0.0891543065571538,-0.0830686814740775,-0.1593628536792669,-0.13936829530431993,52.10164318818197,49.67978906791126,49.735134539189275,47.40025169108412,49.750269560802685,47.4152420451493,126.58,128.33,69.31287384,66.94517517
14,-0.7,-0.21,0.099773,0.10158700000000001,-0.0585,-0.022824999999999998,-0.25828,-0.18312499999999998,-0.133809,-0.09518,-0.065712,-0.0427785,-0.155749,-0.048327,-0.064094737,-0.04143529,-0.181649,-0.0273655,-0.254701,-0.0477065,-0.256979,-0.062157000000000004,-0.297256,0.1329125,-0.121673,-0.098342,-0.11447,-0.07838500000000001,-0.211709,-0.10389,62.6478,48.8184,60.1654,46.4183,60.1805,46.43325,117.58,129.36,78.83701324,66.505867
15,-0.83,-0.16,0.098596,0.10036600000000001,-0.06012,-0.022965,-0.25738,-0.18376,-0.134041,-0.0957195,-0.0659,-0.043942999999999996,-0.155191,-0.047521,-0.064537436,-0.042137347,-0.15051,-0.032294,-0.252486,-0.026351,-0.229688,-0.066523,-0.318108,0.145763,-0.121883,-0.099635,-0.1161,-0.078655,-0.211174,-0.1032125,63.2461,49.0721,60.8303,46.606700000000004,60.8455,46.621700000000004,116.88,129.72,79.11747742,65.58499146
16,0.0,0.0,0.1089244558821166,0.1082906879982934,-0.0310713717985343,-0.02720101943829295,-0.2097748254506664,-0.20261390491221076,-0.104988179429417,-0.10331678455403655,-0.0416462724822546,-0.04009108160778235,-0.0975286596979472,-0.0870709795278939,-0.039817151,-0.036898065,-0.1151343434337786,-0.04856968430608185,-0.1571514333558594,-0.08733034047882554,-0.1692582408271986,-0.0862883232359539,-0.067571405016188,-0.03315330335606275,-0.0975836937593122,-0.09592476454433005,-0.0870031455853581,-0.0830394673479529,-0.1534665643450816,-0.14290413474969427,50.90117999939167,50.07954455878058,48.57935265921746,47.843869647342785,48.59440099622514,47.858789381379566,127.76,128.4,68.60749054,67.18261719
17,-0.07,0.08,0.108915340325459,0.10822200595229335,-0.0305319580278441,-0.02685611783771125,-0.2117007903422205,-0.2006056584844087,-0.1057586781331686,-0.10264203183814925,-0.0423561130691588,-0.0398297889459914,-0.1000925361199506,-0.08564549419681315,-0.039871998,-0.037572198,-0.097480059333716,-0.06744537989225045,-0.1478085952306334,-0.10791432871814355,-0.138655707817776,-0.12248864378692734,-0.0757342232815734,-0.0237914280470752,-0.0983020322872794,-0.0956800138524086,-0.0864749814583118,-0.08270676255273196,-0.1560388249730349,-0.14149567958666226,51.084544068237406,49.84059445386144,48.72597884087182,47.59058711736872,48.7410728509856,47.60555928113848,127.68,128.695,68.73738098,67.3712616
18,0.42,0.35,0.120179,0.118955,-0.01135,-0.02486,-0.17478,-0.20971,-0.08578,-0.101072,-0.021957,-0.0329555,-0.057318,-0.101181,-0.021248847,-0.03105787,-0.056387,-0.06876750000000001,-0.128932,-0.0868,-0.127891,-0.0983925,0.047575,-0.1235615,-0.077859,-0.0888025,-0.06725,-0.08071500000000001,-0.11322,-0.15702850000000002,43.6223,49.572900000000004,41.3737,47.452200000000005,41.3886,47.467,135.17,128.76,61.63471603,66.35936737
19,0.5,0.38,0.116716,0.11522450000000001,-0.01463,-0.02614,-0.18132,-0.21033000000000002,-0.089509,-0.10294700000000001,-0.026532,-0.0359375,-0.064699,-0.10150200000000001,-0.024246763,-0.03350335,-0.063695,-0.084504,-0.086711,-0.13358350000000002,-0.093292,-0.139842,0.022216,-0.10564799999999999,-0.082464,-0.0918485,-0.07056,-0.08205499999999999,-0.120632,-0.157413,45.1434,50.2243,42.818,48.0153,42.8331,48.030249999999995,133.02,128.405,63.07999802,66.8074646
20,-0.27,0.12,0.104745,0.10778199999999999,-0.05182,-0.023010000000000003,-0.24237,-0.18636999999999998,-0.122852,-0.09628600000000001,-0.056966,-0.039226,-0.138643,-0.044633500000000007,-0.053028829,-0.037701108,-0.168729,-0.023893499999999998,-0.253459,-0.034688500000000004,-0.264,-0.045092,-0.204095,0.075093,-0.112957,-0.0949245,-0.10781,-0.078705,-0.194634,-0.100331,59.1769,48.73845,56.7767,46.4409,56.7918,46.4559,120.97,129.765,75.52555084,65.91811371
21,0.0,0.15,0.10777,0.1086695,-0.0438,-0.02388,-0.22853,-0.189925,-0.114409,-0.096807,-0.049006,-0.037793999999999994,-0.120416,-0.06896550000000001,-0.046758018,-0.036004722,-0.061599,-0.10500599999999999,-0.050478,-0.204075,-0.040324,-0.2494635,-0.166237,0.049142000000000005,-0.104987,-0.093615,-0.09978,-0.079705,-0.176397,-0.12478600000000001,56.1236,49.627250000000004,53.8881,47.4299,53.9031,47.4448,126.06,129.23000000000002,72.5196991,66.7740097
22,0.36,0.28,0.115078,0.113737,-0.02051,-0.02649,-0.19101,-0.20629,-0.093997,-0.1016195,-0.030766,-0.035759,-0.075744,-0.095459,-0.029547065,-0.033479027,-0.096275,-0.0503685,-0.136437,-0.0958015,-0.135681,-0.09968450000000001,-0.009168,-0.0762055,-0.086695,-0.09162400000000001,-0.07644,-0.082355,-0.131674,-0.15132400000000001,46.8932,50.237300000000005,44.6086,48.003299999999996,44.6235,48.018,131.77,128.21,64.80931854,67.23226929
23,-0.34,-0.04,0.1046262633401746,0.10674740541101345,-0.0473533758439131,-0.02376538487888455,-0.2417327457679725,-0.1860785314672091,-0.1226295962197211,-0.0951402935557869,-0.0563447288398628,-0.03898642067180065,-0.1373083280195108,-0.0543761460584155,-0.058592573,-0.037064951,-0.1785195786241902,-0.025396281287094848,-0.3153304002148062,0.0114649599432523,-0.2786427615429487,-0.039710786262544345,-0.2089256929283438,0.078734269145845,-0.112285946785653,-0.09453255207693345,-0.1032854057535634,-0.07931639983370965,-0.193249545965301,-0.10992227746354835,58.510198451526584,49.18113854132133,56.22643348528311,46.89385418313728,56.24124363483136,46.90860925791141,121.39,129.245,77.61692047,66.3717041
24,0.45,0.37,0.117977,0.116372,-0.01446,-0.02696,-0.17919,-0.21165,-0.08783,-0.102609,-0.024871,-0.034686,-0.061107,-0.100898,-0.023863014,-0.032964054,-0.063151,-0.08326700000000001,-0.131726,-0.08848600000000001,-0.134402,-0.09724949999999999,0.031989,-0.107824,-0.080793,-0.09054999999999999,-0.07038,-0.08282,-0.117029,-0.156762,44.5935,50.3117,42.3135,48.0862,42.3282,48.1008,133.5,128.91,62.17829895,67.08629608
25,0.32,0.29,0.116868,0.11661350000000001,-0.01973,-0.021945,-0.19184,-0.20259,-0.093622,-0.099105,-0.029627,-0.032951,-0.077157,-0.087992,-0.030096035,-0.031257212,-0.072127,-0.072818,-0.105269,-0.11291399999999999,-0.103854,-0.129383,-0.006008,-0.0675405,-0.085567,-0.088827,-0.07567,-0.07782,-0.133097,-0.14386749999999998,47.1378,49.7595,44.8839,47.68965,44.8985,47.70399999999999,130.1,128.93,66.11341858,66.55818176
26,0.78,0.71,0.125223,0.126163,-0.00883,-0.01892,-0.17318,-0.20239,-0.082676,-0.096279,-0.018145,-0.026576,-0.05926,-0.0873395,-0.015323892,-0.026181249,-0.061585,-0.059988,-0.17989,-0.028749,-0.1668,-0.0479745,0.063485,-0.121368,-0.074044,-0.082246,-0.06472,-0.07459,-0.115159,-0.1430095,43.2146,49.6431,41.1777,47.6509,41.1922,47.6652,130.1,127.94,60.66195679,66.30762482
27,0.72,0.6,0.122019,0.1218855,-0.01857,-0.02184,-0.1818,-0.20223,-0.087128,-0.0979055,-0.022997,-0.0293125,-0.0633,-0.0859015,-0.020170797,-0.025272416,-0.062521,-0.0751655,-0.096956,-0.12749549999999998,-0.101157,-0.1372305,0.024934,-0.0788285,-0.078932,-0.0851385,-0.0745,-0.07766500000000001,-0.119236,-0.141727,45.3399,49.59005,43.2065,47.445750000000004,43.2213,47.460350000000005,133.25,129.27,62.63116074,66.67307281
28,0.54,0.43,0.119427,0.11955,-0.01656,-0.02009,-0.18851,-0.20134,-0.090888,-0.097309,-0.026774,-0.0305465,-0.072155,-0.08283599999999999,-0.024871372,-0.0292721,-0.064061,-0.073872,-0.114925,-0.10330700000000001,-0.114886,-0.1194795,0.004668,-0.067037,-0.082719,-0.0864385,-0.07251,-0.075985,-0.1281,-0.138728,46.6269,49.7983,44.437,47.6577,44.4514,47.67185,131.94,128.97,64.39552307,66.60814667
29,0.6,0.53,0.1211962645010431,0.12110955786659186,-0.0187632390385952,-0.0222610598556628,-0.1858319229821248,-0.20122960427736597,-0.0890536810487656,-0.0977720192544688,-0.0251513378560421,-0.02996072733630195,-0.067481642539828,-0.0841595023387319,-0.024104264,-0.026392408,-0.0469577742256841,-0.09107395682223199,-0.1154350272164621,-0.10329497346280755,-0.1162547055768348,-0.11141571311759155,0.0082024524083717,-0.0663337670518554,-0.08108380198105,-0.08576291265842315,-0.0746962607693766,-0.07806431528835815,-0.1234144555782969,-0.13996153657431398,46.222377902931,49.580490711537095,44.02573809335489,47.40302021203297,44.04043809335489,47.41747021203297,131.85,129.09,63.58007813,66.72425842
30,0.42,0.36,0.1180469524470495,0.11604342794451605,-0.0191848594669099,-0.02850165035623495,-0.1841735354778586,-0.20866755274601625,-0.0892083860845254,-0.1013457169187167,-0.0262522910523966,-0.03383250879715035,-0.0609960367669035,-0.09252361203723605,-0.02673563,-0.031659056,-0.0407707083166756,-0.10286777062180386,-0.1011010110190248,-0.10863796335246825,-0.1044781997573515,-0.12235546829316304,0.0149494313331155,-0.0837190628060048,-0.0821409918658151,-0.0895764525839143,-0.0750848594669099,-0.08424408008968995,-0.116884737580322,-0.1482674950806637,45.822539236667865,50.49252458620511,43.54606035293429,48.293911300013804,43.560872501601565,48.30851737434743,132.09,128.62,63.35224533,66.89281464
31,-0.13,-0.06,0.1065136727353498,0.1051629357317379,-0.0337132792279909,-0.0270455194853272,-0.2175438246690745,-0.20055016560677175,-0.1093915409080812,-0.10383743573173795,-0.045915349345553,-0.04169707304221225,-0.1060433058418961,-0.0828621269651917,-0.043443885,-0.038793035,-0.0957588162035994,-0.07201416994235885,-0.1205702236883754,-0.1346056416049362,-0.1334687050010665,-0.126124920549083,-0.0944804732009949,-0.0165991353730475,-0.1018681909043792,-0.09756182726465015,-0.0896632792279908,-0.0829015032537245,-0.1619965025955756,-0.1387270587850562,52.91815492418972,50.03190296496152,50.47751349699331,47.700226764045034,50.49271349699332,47.715262283530365,125.81,128.34,69.74157715,66.97512054
32,-0.14,-0.11,0.1078534078541071,0.10680690816455905,-0.0330618491268947,-0.02645737656185925,-0.2144605274349645,-0.20042778742702386,-0.107530591524989,-0.10349994645700836,-0.0439928298020787,-0.0406389880325681,-0.1027617589755739,-0.0830039907331736,-0.040854502,-0.037966348,-0.1170069799006843,-0.053508589008046406,-0.1359856257246895,-0.1009665226731323,-0.1463684246351736,-0.10861215643624395,-0.0859247768115248,-0.0213558855483008,-0.0999446221963331,-0.0965002520605022,-0.0890072830422982,-0.0823173198292188,-0.1587138230655984,-0.13886525476110778,52.25011355374331,49.96109324950045,49.881612543271274,47.6795521893561,49.89671254327127,47.69456577414461,126.43,128.63,69.20054626,66.88057709
33,-0.12,-0.07,0.1065765432090351,0.1052434817788281,-0.0338660353823747,-0.0270568938528757,-0.2172567014518238,-0.20103959399851665,-0.109311424588497,-0.10422016851419319,-0.0458018553726653,-0.04160188133842625,-0.1058483268390533,-0.08348615644765695,-0.043163002,-0.038545135,-0.0849255893482841,-0.08817188484661845,-0.1709517246069987,-0.10454030968132949,-0.1786186502519857,-0.0973321227032295,-0.0929910971819027,-0.01595574518736435,-0.101764119680507,-0.0974999031874182,-0.0898286784607915,-0.08295218000970934,-0.1618107233008158,-0.1393846122196885,52.73900125554851,50.26451898297216,50.32308846414403,47.9263164311874,50.33831489492819,47.94137303888344,126.0,128.23,69.66362762,67.02809906
34,-0.12,-0.08,0.1061785621696746,0.10476503809712906,-0.0330458155743854,-0.02736145056113725,-0.2175571896268417,-0.1997506592898691,-0.1093292031809208,-0.10389702803326514,-0.0459907170803273,-0.0414963548864883,-0.1065941372601727,-0.08322102251568295,-0.042896554,-0.039126337,-0.1307954731678542,-0.0498869053636425,-0.186065704130822,-0.0806991025034199,-0.1824405550241361,-0.08801503731815065,-0.0944708083182975,-0.01190328905031015,-0.101950191010715,-0.0973968817989164,-0.0890058252527608,-0.08326402126192944,-0.1625538269340579,-0.13912165729985987,52.50033908543188,49.961781823197114,50.05210028312619,47.606930420512434,50.06737861199268,47.6219912076873,126.11,128.54500000000002,69.75535583,67.01560211
35,0.18,0.16,0.115565,0.115511,-0.02843,-0.02218,-0.20327,-0.193775,-0.099459,-0.09771250000000001,-0.03469,-0.0330675,-0.091614,-0.077627,-0.033711597,-0.031677067,-0.099381,-0.0488995,-0.181955,-0.0528825,-0.18999,-0.050157999999999994,-0.05024,-0.0352775,-0.090654,-0.088952,-0.0844,-0.078065,-0.147579,-0.1335115,50.0462,48.815650000000005,47.7511,46.612449999999995,47.766,46.6272,127.59,128.87,67.56044769,65.78258514
36,0.01,0.0,0.1073509994053372,0.10624300856845084,-0.0331548155941449,-0.027953611581250447,-0.2121651857781538,-0.2032462958727473,-0.1064816484166782,-0.10505754702776535,-0.043426778255541,-0.04136751885227505,-0.1001680559392909,-0.0871459350805686,-0.040266529,-0.038705822,-0.1046236845491245,-0.08523679160654205,-0.1214471820850265,-0.1499976267956471,-0.1340611937784767,-0.14343163125561795,-0.0715555360349201,-0.0309288915521648,-0.0993689819482324,-0.0972100002744597,-0.0890957415115999,-0.0838041670859801,-0.1561102596319823,-0.14298841650275315,51.332649764422065,50.38046533714092,48.93281830792997,48.048023631973656,48.94802756710452,48.0630328911482,126.95,128.405,68.58542633,67.4653244
37,-0.61,-0.24,0.0994823753571068,0.1012017609514856,-0.0585242359807188,-0.02285205541044145,-0.2587549595951943,-0.18324436114055476,-0.1341237389873139,-0.09539156929365206,-0.0660747872282789,-0.043018034874697145,-0.1562547790249169,-0.0485570037071391,-0.065191969,-0.041334428,-0.1614575872303869,-0.041734894546441505,-0.2497089933878493,-0.0558280325282632,-0.2497577087442842,-0.0685007296550048,-0.3002611898622035,0.13499263171730796,-0.1220366031344637,-0.0985882556049785,-0.1144942359807189,-0.0784265951759035,-0.2122165949311018,-0.10412706491983001,62.713895114703064,48.76431538989422,60.220768308726896,46.39195632192616,60.23589100755421,46.40699497251251,117.85,128.865,79.05809021,66.55979919
38,0.01,0.08,0.1093123290190578,0.10803101802161524,-0.0297629778401121,-0.02680348974507045,-0.2057505917003544,-0.20435004679481905,-0.1027036105601846,-0.10385016244699274,-0.0395277231251545,-0.039612957685009456,-0.0924888183384206,-0.08981335022522915,-0.038755819,-0.036871053,-0.0600055892616099,-0.0895121033083072,-0.116876115092815,-0.10977278983746765,-0.1249156895206685,-0.10409002235293591,-0.0506529208349138,-0.04843573846712425,-0.0954622603481559,-0.09546165776751085,-0.0856994922201137,-0.08265326131507289,-0.148422681280422,-0.14566188744823055,50.379262927811226,50.285735861727595,47.9939109664219,48.03205608332648,48.00897611022192,48.04708865522649,127.6,128.385,68.01592255,66.79701996
39,0.48,0.38,0.1160456339592401,0.1144460210973777,-0.0151202464713939,-0.02626479135761305,-0.1823207394141819,-0.21029238163864075,-0.0900513621412895,-0.10315842032594595,-0.0272614968422582,-0.036322410693839846,-0.0659588514177463,-0.1009066200356439,-0.023951802,-0.034009844,-0.0449283882287205,-0.1026889026410317,-0.0598535051074768,-0.1633283635712168,-0.078316480969781,-0.16459743026374102,0.0191138998433628,-0.1049727085577643,-0.0831882596532617,-0.09223215264060464,-0.0710515178230664,-0.08217733406095801,-0.1218854870935826,-0.15681673484724146,45.32273445936734,50.1962134976419,42.9595422667701,48.02148131224611,42.9746422667701,48.03648131224612,133.59,128.135,62.27362061,67.03720856
40,-0.24,0.1,0.1040988602417686,0.10689573385774956,-0.0524182151734233,-0.02321642808722365,-0.243233918483826,-0.18679482558466365,-0.1235025316066139,-0.0966861617190109,-0.057706780533293,-0.039804964326064646,-0.1395647010507797,-0.0447800049711705,-0.053189293,-0.037644211,-0.161586149529725,-0.0332870914739446,-0.2505969731082854,-0.04085029006779705,-0.2451760551899154,-0.06395327672114226,-0.2086463629252085,0.07714484186827811,-0.1136933162072283,-0.0955071426957412,-0.1083992865212939,-0.07891910645690015,-0.195550236724715,-0.10048134404302761,59.37726057509056,48.769843701273444,56.98154653147873,46.492668853797994,56.996746531478735,46.507674210537346,121.13,129.64,75.26522064,65.92629242
41,-0.45,0.1,0.1033643376290455,0.1061574633849867,-0.052751932247928,-0.02343074426761725,-0.2448411703015313,-0.18662582582190795,-0.1243932944016289,-0.0968840087818052,-0.0587227409621992,-0.04021417297822215,-0.1415167603559741,-0.0448353884991166,-0.054685358,-0.037491266,-0.1665452996523802,-0.0329526283726966,-0.2265682180965222,-0.06350415135902815,-0.2189244381242719,-0.07354566162470735,-0.2144151879959838,0.08276237562686956,-0.1147135183090739,-0.09594268689404245,-0.108741723510623,-0.0791557442676173,-0.1975075377028488,-0.10056389893598186,59.866171256725245,48.68822142673584,57.52947952638286,46.401854590880944,57.54477883059184,46.416953895089925,121.5,129.6,75.46920013,66.08959961
42,0.07,0.06,0.11398,0.1137055,-0.03259,-0.02602,-0.21162,-0.199545,-0.105909,-0.10309299999999999,-0.040808,-0.038253999999999996,-0.099726,-0.0842935,-0.039074469,-0.035510473,-0.095338,-0.07391,-0.180958,-0.06571450000000001,-0.203712,-0.0573635,-0.070472,-0.0256865,-0.096791,-0.094169,-0.08858,-0.08193500000000001,-0.155709,-0.140208,51.3557,49.2441,49.0169,46.9851,49.0319,46.9999,127.41,128.74,68.82876587,66.14565277
43,0.36,0.35,0.113942324408667,0.11249903254293506,-0.0219226555035051,-0.02671511064597935,-0.1938040092896057,-0.20581104137392353,-0.095526500599134,-0.1018570602488259,-0.0324561842818047,-0.03646441459699325,-0.0790916809757865,-0.0935261314734578,-0.031193711,-0.03402178,-0.099435753206445,-0.055362627760547,-0.0902397579718968,-0.14609524477980707,-0.1168833210379614,-0.12592991492805664,-0.0213606352380933,-0.0694059461339018,-0.0883921894886743,-0.09232792956674345,-0.0778526685206791,-0.0825751301717404,-0.1350286848809387,-0.14938964579234926,47.51138023906731,50.23084981732832,45.17574821681915,48.023553541274595,45.19084795647567,48.03845321584524,131.22,128.33999999999997,65.1461792,67.42221832
44,0.0,0.21,0.1079753405969228,0.1102802191859822,-0.0413957441210806,-0.0226077308183735,-0.2273171943165123,-0.1894358850902818,-0.114622143376524,-0.0964613173295273,-0.0488302846186907,-0.0371614021976618,-0.1207081435130067,-0.0619328106235806,-0.049895771,-0.035854995,-0.1596662437226677,-0.01897921364536495,-0.2272443498713587,-0.0306803187294903,-0.2255548596040265,-0.04429734757844794,-0.1655301936834657,0.039278924709176294,-0.1047693693639908,-0.0927603767686125,-0.0973456499596361,-0.0782135782713741,-0.1766472282583068,-0.1175317757783868,55.59874261338231,49.165533817333895,53.42477350324949,46.98092261512462,53.43987256163505,46.995870731895735,124.94,129.04500000000002,72.72805786,66.29795074
45,0.45,0.36,0.115963,0.11419599999999999,-0.01639,-0.027595,-0.18302,-0.21165499999999998,-0.090052,-0.10343250000000001,-0.027448,-0.036145,-0.065351,-0.0999255,-0.025161885,-0.033320569,-0.075244,-0.080387,-0.11882,-0.1083225,-0.141901,-0.09748899999999999,0.020581,-0.10314999999999999,-0.08337,-0.0919905,-0.07231,-0.08343999999999999,-0.121272,-0.1557715,45.4553,50.453199999999995,43.0917,48.260000000000005,43.1067,48.27485,133.24,128.515,62.54684448,67.28551483
46,0.31,0.39,0.112058,0.1128605,-0.0341,-0.02203,-0.21387,-0.19182,-0.104585,-0.096651,-0.040363,-0.032633,-0.105388,-0.0586035,-0.039325643,-0.033668768,-0.135824,-0.049259,-0.190665,-0.06947400000000001,-0.221701,-0.042744000000000004,-0.079574,-0.005997,-0.096301,-0.08830299999999999,-0.09003,-0.077695,-0.161325,-0.1142745,52.7528,48.9987,50.4604,46.727,50.4755,46.7419,126.04,129.45499999999998,70.10593414,66.14154053
47,0.18,0.31,0.1136883931215997,0.11639489434608799,-0.0375194152425364,-0.020884132657350403,-0.2191437628658551,-0.1883209006497817,-0.1076973822522456,-0.0952049521667818,-0.0425440105484712,-0.0323210932471721,-0.1121524683065814,-0.051835612836623496,-0.041495182,-0.031611003,-0.1400921700004666,-0.040419684383154006,-0.1883570115519245,-0.0864199520387027,-0.1933320958676505,-0.09032285659945341,-0.1057651503390172,0.01502269729723215,-0.0985129006272718,-0.0880466340643331,-0.0934916846141911,-0.07661152802474161,-0.168120980108493,-0.10756041698960239,53.89141764183823,48.5584542539862,51.68338408622907,46.393522904730034,51.69809359137659,46.40797106301929,124.46,129.63,71.6634903,66.17301178
48,0.09,0.12,0.113333,0.1125975,-0.02588,-0.02092,-0.20336,-0.19893,-0.100454,-0.1001755,-0.036239,-0.0357685,-0.091037,-0.08312800000000001,-0.034117602,-0.033670574,-0.117424,-0.0516595,-0.153271,-0.0896415,-0.14473,-0.096916,-0.048212,-0.040935,-0.092191,-0.0916455,-0.08183,-0.076795,-0.146989,-0.139005,50.1266,49.72765,47.7859,47.51885,47.8007,47.5334,127.65,129.095,67.43130493,65.8744278
49,0.03,0.2,0.113489,0.1160535,-0.03906,-0.0213,-0.22312,-0.18643500000000002,-0.111004,-0.0952615,-0.044837,-0.0338175,-0.116161,-0.0607395,-0.047429524,-0.0328122,-0.133412,-0.046589,-0.201667,-0.072662,-0.190806,-0.08541499999999999,-0.138148,0.0344145,-0.100788,-0.0894565,-0.09501,-0.07694000000000001,-0.172112,-0.116378,54.2823,48.36645,52.0603,46.1446,52.0751,46.15925,126.15,129.45,72.60351563,65.15987396
50,0.35,0.38,0.1171138292186222,0.1193301943331817,-0.031845359478513,-0.0196574098395315,-0.2096183184243817,-0.1901457872732085,-0.1019489284658134,-0.0951500383264872,-0.0368273988001109,-0.02994338788422175,-0.1013692619494646,-0.0562878017507976,-0.037102479,-0.029100856,-0.1528683893393643,-0.01689379286265315,-0.1821731187772633,-0.06694317245668466,-0.184052112158614,-0.07281202450939114,-0.0645406403244552,-0.009144618451724,-0.0927889010104966,-0.08566164154880855,-0.0878128612235543,-0.07537241332961414,-0.1573300142180184,-0.11200643038630034,51.840774091764835,48.56351825510258,49.630527453877775,46.413718871683855,49.64502745387779,46.427956368775455,125.81,129.46,70.12065887,65.56702423
51,-0.21,-0.07,0.105579,0.104884,-0.03572,-0.026415,-0.22192,-0.197635,-0.111651,-0.10176650000000001,-0.048003,-0.041315500000000005,-0.112071,-0.0792225,-0.042982683,-0.039227828,-0.118806,-0.055712,-0.127926,-0.136153,-0.140454,-0.14252700000000001,-0.126787,0.006461,-0.103969,-0.097194,-0.09168,-0.08229,-0.168036,-0.135101,53.6881,50.1744,51.3147,47.8029,51.33,47.818,126.32,128.3,69.62078094,66.90313721
52,-0.16,-0.08,0.1063527272146566,0.10499188521695424,-0.0336690382095309,-0.02700034153062775,-0.2178470708722313,-0.20041204915854166,-0.1095335229407162,-0.10381850639620499,-0.0460701920300974,-0.04172794633398335,-0.1063671711335279,-0.08270274222412945,-0.043395396,-0.039076082,-0.1109066724602281,-0.0647811961152297,-0.1400933336921622,-0.11466064873264965,-0.1467988331381383,-0.11173107655012579,-0.0976419968451764,-0.014409537326000199,-0.1020233348178622,-0.09759103679192305,-0.0896282136558214,-0.08286854730436895,-0.1623201190372048,-0.13856602131255702,52.9725907258808,49.97973796681724,50.540292114064286,47.65894809976098,50.55559211406429,47.67404809976098,125.78,128.305,69.74157715,67.24829865
53,-0.72,-0.23,0.0966559783546218,0.09855321198311486,-0.0627486530843583,-0.0224218695487348,-0.2652261583818209,-0.1815979087012859,-0.1384371488066404,-0.09518339809590676,-0.070082278298963,-0.0448986875896863,-0.164857538351855,-0.042717027246915895,-0.061518211,-0.041727662,-0.173819040333895,-0.027981687680693652,-0.1944838126975206,-0.09221474193047835,-0.2221130688396262,-0.06762262231221461,-0.3519180084399404,0.17145585473532277,-0.1260782547146785,-0.1006124147277801,-0.118740752819246,-0.0781297691719767,-0.2208543047940818,-0.09843026498030444,64.96559676408154,48.557062736018196,62.46628478050936,46.14514467393101,62.48168478050936,46.160205172605444,116.84,129.42,77.89163971,65.77728271
54,-0.25,0.1,0.1039178320292789,0.10663993121390235,-0.0524619166086489,-0.02323741550555885,-0.2434342834919819,-0.1867997735772693,-0.1236278368126267,-0.09673664353491575,-0.0578520566715392,-0.039884561811635105,-0.1398489460498969,-0.04460220085849495,-0.053221077,-0.037671573,-0.1728873943597792,-0.028652033201458302,-0.2500049626160104,-0.0419196259055599,-0.2430986952181182,-0.0649745209929123,-0.2111800813747815,0.07901752954299625,-0.1138396971521381,-0.09558520786895475,-0.1084490876754388,-0.07893629748623049,-0.1958365963901142,-0.1003028085160231,59.40951181315041,48.79246058901069,57.03521043623677,46.49944638727413,57.05050945027493,46.514545894293214,121.02,129.675,75.26522064,66.1102066
55,-0.07,-0.03,0.1087399699722955,0.1078473128241984,-0.0312767660389496,-0.02531369085793985,-0.2136320432996552,-0.1991682956812536,-0.1068322306063779,-0.10250702727990504,-0.0431044864404537,-0.039818298448654504,-0.1021666547435544,-0.0818226747501816,-0.039915808,-0.036439113,-0.1135297435010232,-0.0529183499206787,-0.1077737052778164,-0.13583544550532983,-0.1213678684126548,-0.133361916754779,-0.0831000492207317,-0.02174466780569135,-0.0990559740390197,-0.09568041049404274,-0.0872299518846107,-0.0811767552885302,-0.1581184256032228,-0.1376843604283151,52.126261225517936,49.653917837643235,49.71754456329363,47.367592995838734,49.732532852836314,47.38239461445179,126.16,128.61,69.27970123,66.59941101
56,0.45,0.37,0.1153339785825504,0.11353141664557051,-0.0168406862993288,-0.02788999999999995,-0.1838227184255032,-0.21188597590536914,-0.0905854251655032,-0.1037479549763087,-0.028065224630067,-0.036580401070872445,-0.0663761934806709,-0.099799348865839,-0.025208678,-0.033445477,-0.058954837054907,-0.08873373219113985,-0.1178438466053734,-0.12054088591059385,-0.1338256703818849,-0.1022326966641597,0.0161927194022815,-0.10113280700771815,-0.0839896257009395,-0.09241943404724826,-0.0727606862993288,-0.08372866755906036,-0.1223005945515434,-0.15563838184221485,45.57310679063084,50.549930883469806,43.221294573275145,48.322292552731554,43.23639457327514,48.33734255273156,133.66,128.95999999999998,62.54684448,67.29264832
57,-0.14,-0.05,0.106102623104137,0.10486247731978425,-0.033791814276977,-0.0269066198651082,-0.217495097241004,-0.20024361228867044,-0.1096020270246385,-0.10360321976088135,-0.0462113747552142,-0.04193553024262555,-0.1064972559955,-0.08313266357095545,-0.04277185,-0.039070219,-0.1089935321307723,-0.06490224393927195,-0.1657714297864435,-0.0941177569557037,-0.1766588777445501,-0.0927605578325845,-0.1008579007445981,-0.0124957946814833,-0.1021582894420847,-0.0977920847779673,-0.089741814276977,-0.08276066414118735,-0.1624448089113274,-0.13898953722077564,53.053627340124734,50.35230993816528,50.636817511797474,47.99248056302149,50.65205368890179,48.0075667401258,126.7,128.02499999999998,69.62077332,66.90313721
58,-0.15,-0.08,0.106271133155721,0.1049336873287961,-0.0336895469346824,-0.02695743973949365,-0.2179357928426628,-0.20042921825533566,-0.1096053890055745,-0.1038576432298223,-0.0461538861926707,-0.04178490632646415,-0.1065197747151325,-0.08267376673368106,-0.043360427,-0.039048105,-0.1032199483144088,-0.06504714993844066,-0.1311666250396167,-0.12194352827580901,-0.141754971050481,-0.11854980695564915,-0.0977489147583572,-0.01427798437119555,-0.1021071229585715,-0.097650649524757,-0.089641358167037,-0.0828218918903597,-0.1624734544645868,-0.1385394812535694,52.99962515095028,50.014946910001,50.55425922386989,47.68493716601197,50.56952036379993,47.70006674012646,125.79,128.315,69.74157715,67.24829865
59,-0.14,-0.05,0.1058134779804464,0.10430096286053064,-0.0329850508143544,-0.0270901140213208,-0.2171889275392639,-0.20053019416640538,-0.1093221774770686,-0.10383823143026535,-0.0461642881107658,-0.042060379657982455,-0.106216228291423,-0.0836438558202264,-0.042604607,-0.038945191,-0.1258135503272864,-0.0420769401364413,-0.17181244899622,-0.0703806756611037,-0.1946584095700616,-0.048769379640434846,-0.1004649329078473,-0.0124881973482597,-0.1021115617619359,-0.09793789444773815,-0.0889450508143544,-0.08296614021320861,-0.1621635019425931,-0.1395213706099821,52.58790342110416,50.09870354886695,50.156824101884034,47.78363766435308,50.172024101884034,47.798737664353084,125.89,128.635,69.62077332,66.90313721
60,0.02,0.06,0.109314,0.108516,-0.03115,-0.026415,-0.21139,-0.20031500000000002,-0.106312,-0.1000815,-0.041869,-0.038733000000000004,-0.099922,-0.0866935,-0.036332641,-0.036746532,-0.12083,-0.059476,-0.194075,-0.078923,-0.184862,-0.0954615,-0.142823,0.004751,-0.097834,-0.09458849999999999,-0.08712,-0.08227000000000001,-0.155888,-0.14254850000000002,51.8705,49.747150000000005,49.5626,47.55435,49.5777,47.5694,127.81,128.91000000000003,67.0921936,66.93280029
61,-0.02,0.03,0.108857,0.1077935,-0.03297,-0.026825,-0.21176,-0.19952,-0.106107,-0.101464,-0.042248,-0.0393705,-0.100408,-0.08493500000000001,-0.039639674,-0.037746057,-0.116883,-0.0440015,-0.1522,-0.106884,-0.152945,-0.10606199999999999,-0.114611,-0.012888,-0.098209,-0.09525349999999999,-0.08892,-0.082695,-0.156369,-0.140818,51.7847,49.5043,49.4973,47.276650000000004,49.5124,47.2916,127.32,128.98,68.66268158,66.6791687
62,0.05,0.09,0.109941,0.109361,-0.0321,-0.025955,-0.21078,-0.19818999999999998,-0.10552,-0.099915,-0.041263,-0.038064,-0.099696,-0.08291499999999999,-0.038441017,-0.036209263,-0.100629,-0.06299099999999999,-0.156072,-0.11434,-0.149987,-0.127001,-0.124842,-0.0068295000000000005,-0.097234,-0.09395500000000001,-0.08806,-0.08184,-0.155667,-0.1388065,51.5586,49.43875,49.255,47.2399,49.2702,47.2549,127.46,129.0,68.13794708,66.61130524
63,-0.15,-0.05,0.1056710873343549,0.10406562555398086,-0.0329915037394804,-0.0272047841166092,-0.2174200744425485,-0.20015021588339071,-0.1094383245695116,-0.1039579600549499,-0.0462906178731528,-0.04208657320762365,-0.1065063131665561,-0.0834840868438556,-0.042879347,-0.039150573,-0.1136535834086077,-0.05660473371664895,-0.2162145566532281,-0.03651350986093465,-0.2246048906636979,-0.03612782549734045,-0.0988688500991983,-0.01231066451803225,-0.1022396476501722,-0.09796623102582655,-0.0889515335164998,-0.08309492555745145,-0.1624553444324265,-0.1393637446620585,52.62860691338208,49.98818444844854,50.17560438233543,47.67151462133802,50.190904531220525,47.686614621338016,125.91,128.31,69.62077332,66.90313721
64,-0.01,0.06,0.108903,0.107901,-0.03044,-0.02656,-0.20987,-0.20076,-0.105134,-0.102254,-0.041575,-0.039579,-0.098282,-0.085923,-0.038825389,-0.036812842,-0.069556,-0.088398,-0.135417,-0.1279765,-0.112316,-0.1488195,-0.104937,-0.0246615,-0.09753,-0.095473,-0.0864,-0.082455,-0.154238,-0.141817,51.5428,49.578500000000005,49.2457,47.327799999999996,49.2608,47.34285,127.51,128.78,68.39878082,66.4978714
65,-0.03,0.06,0.107896,0.106854,-0.0312,-0.02685,-0.21171,-0.200935,-0.106188,-0.1025685,-0.042803,-0.040249999999999994,-0.100269,-0.08572099999999999,-0.039955869,-0.037555497,-0.087807,-0.07486699999999999,-0.145157,-0.1177695,-0.130261,-0.13266050000000001,-0.117638,-0.0166765,-0.098758,-0.0961375,-0.08714,-0.082735,-0.156224,-0.1416085,51.9215,49.65665,49.6111,47.39375,49.6263,47.40885,127.0,128.70499999999998,68.39878082,66.4978714
66,0.06,0.12,0.110264,0.109318,-0.02885,-0.02515,-0.20951,-0.19945,-0.104552,-0.1014345,-0.040815,-0.038678,-0.09808,-0.084321,-0.038739946,-0.036756709,-0.086315,-0.068846,-0.145297,-0.1171695,-0.122789,-0.13730350000000002,-0.10635,-0.021609,-0.096775,-0.094577,-0.0848,-0.08106,-0.15404,-0.140221,51.4982,49.4232,49.2174,47.1942,49.2324,47.209,127.17,128.86,68.39878082,66.4978714
67,0.01,0.15,0.111181,0.110338,-0.0278,-0.024985,-0.20642,-0.19977,-0.102923,-0.101175,-0.039033,-0.0378815,-0.094862,-0.085813,-0.037720136,-0.035867251,-0.09678,-0.062405999999999996,-0.148326,-0.1135855,-0.130882,-0.1264215,-0.088137,-0.0334345,-0.094998,-0.0937925,-0.08375,-0.080895,-0.150826,-0.1417245,50.8152,49.41715,48.511,47.160849999999996,48.526,47.175650000000005,127.73,129.20999999999998,68.39878082,66.72743225
68,0.12,0.15,0.111014,0.110044,-0.02913,-0.025419999999999998,-0.20777,-0.19943,-0.103543,-0.101164,-0.039736,-0.038141,-0.096201,-0.084845,-0.03796855,-0.036249951,-0.066088,-0.0895825,-0.14054,-0.11486299999999999,-0.12301,-0.13330750000000002,-0.103844,-0.0271485,-0.095697,-0.094047,-0.0851,-0.08133,-0.152161,-0.140751,51.1046,49.35875,48.8506,47.1449,48.8656,47.15975,127.51,128.91,68.39878082,66.4978714
69,0.1,0.15,0.111484,0.1106885,-0.02839,-0.02529,-0.20611,-0.199535,-0.102709,-0.101015,-0.038763,-0.0376595,-0.094544,-0.0854395,-0.037721969,-0.035799555,-0.109453,-0.059220999999999996,-0.110927,-0.153094,-0.096474,-0.174737,-0.088269,-0.034100000000000005,-0.094728,-0.0935755,-0.08435,-0.081205,-0.150509,-0.14135599999999998,50.7617,49.31735,48.499,47.12915,48.514,47.143950000000004,127.83,128.95,68.39878082,66.7148819
70,0.12,0.15,0.111314,0.110351,-0.02977,-0.02586,-0.20722,-0.19935,-0.103171,-0.101046,-0.039364,-0.037929,-0.095622,-0.084913,-0.037764102,-0.036115639,-0.085186,-0.0722055,-0.140047,-0.1142495,-0.123766,-0.13101049999999997,-0.102508,-0.028426,-0.095325,-0.093837,-0.08574,-0.08177,-0.151583,-0.140821,50.9776,49.33125,48.7282,47.11945,48.7429,47.133849999999995,128.04,129.13,68.39878082,66.4978714
71,0.08,0.09,0.111694,0.1109365,-0.02929,-0.025775,-0.20591,-0.199375,-0.102545,-0.100908,-0.038566,-0.037486,-0.094309,-0.08522650000000001,-0.037385125,-0.035582002,-0.09483,-0.0704905,-0.101047,-0.1665755,-0.083671,-0.1929265,-0.087885,-0.0350385,-0.094531,-0.09339800000000001,-0.08525,-0.08168500000000001,-0.150274,-0.14113900000000001,50.7475,49.302899999999994,48.4705,47.11525,48.485,47.1295,127.48,128.975,68.39878082,66.73377228
72,0.44,0.27,0.113251,0.112365,-0.02744,-0.02541,-0.20186,-0.19977,-0.100192,-0.100535,-0.036192,-0.03654,-0.089782,-0.087037,-0.03669915,-0.034060739,-0.042194,-0.0893955,-0.149553,-0.0860865,-0.145067,-0.089795,-0.071644,-0.049601,-0.092151,-0.092462,-0.08339,-0.08134,-0.145742,-0.14296,49.6892,49.190650000000005,47.4439,46.96875,47.4591,46.983850000000004,128.77,128.93,68.39878082,66.45999908
73,0.25,0.23,0.111736,0.111025,-0.02918,-0.025160000000000002,-0.20621,-0.19926,-0.102683,-0.10072249999999999,-0.038605,-0.0373775,-0.094402,-0.08432500000000001,-0.037219509,-0.035610188,-0.085323,-0.0761705,-0.083558,-0.1836565,-0.054012,-0.21787099999999998,-0.091066,-0.0336295,-0.094565,-0.0932825,-0.08513,-0.081065,-0.150363,-0.14023000000000002,50.787,49.2206,48.5185,46.98355,48.5337,46.99855,126.89,129.52499999999998,68.19273376,66.56087494
74,0.17,0.33,0.109316,0.10793849999999999,-0.02733,-0.027475,-0.20161,-0.20534000000000002,-0.100883,-0.10340250000000001,-0.03811,-0.039612499999999995,-0.089003,-0.094217,-0.034816898,-0.037915498,-0.08103,-0.0801715,-0.148167,-0.09463150000000001,-0.147605,-0.0959515,-0.073498,-0.051511,-0.094044,-0.095453,-0.08327,-0.08332,-0.144937,-0.1500575,49.4555,50.00235,47.1824,47.76105,47.1976,47.7761,128.74,128.53,65.84209442,67.44290924
75,0.53,0.23,0.110426,0.108873,-0.02359,-0.02867,-0.19164,-0.21067,-0.095804,-0.105105,-0.033813,-0.039731,-0.076813,-0.101861,-0.032448214,-0.03859292,-0.033128,-0.1300245,-0.07665,-0.170438,-0.07835,-0.1853265,-0.036885,-0.0814465,-0.089725,-0.095487,-0.0795,-0.08443,-0.132726,-0.157617,46.7872,50.3465,44.5335,48.1419,44.5487,48.15705,130.87,127.73,63.94363403,67.36392212
76,-0.09,-0.08,0.107482,0.1063805,-0.03302,-0.026005,-0.21507,-0.19875500000000001,-0.107614,-0.10262,-0.044098,-0.040121500000000004,-0.103779,-0.0809565,-0.041323032,-0.037619464,-0.126683,-0.030937,-0.192507,-0.079049,-0.188841,-0.089921,-0.089299,-0.014061500000000001,-0.100046,-0.095972,-0.08898,-0.08186,-0.159727,-0.136807,52.6083,49.873900000000006,50.2424,47.5763,50.2576,47.591350000000006,126.45,128.77,69.27565002,66.95087433
77,-0.02,0.07,0.1078590710530608,0.10681136610051635,-0.0311361990056935,-0.02685074966103185,-0.2117071985537361,-0.20099284961583613,-0.1062177290373306,-0.10260645461357634,-0.0428206089107825,-0.04028031431528439,-0.1002612384452663,-0.0857693748305159,-0.039661083,-0.037361845,-0.1059238206905586,-0.06630840517130265,-0.1317731830914431,-0.1332097715339004,-0.1296994914959792,-0.13345424679471224,-0.1137806512049078,-0.01789033208443315,-0.0987786089107825,-0.09616810431980394,-0.0870882989604978,-0.08274074966103184,-0.1562200284497859,-0.1416567698327757,51.92663164204969,49.659200300912744,49.60507171436289,47.38882446180959,49.62037171436289,47.403924461809595,127.02,128.71,68.39878082,66.4978714
78,0.01,0.07,0.107777,0.1067195,-0.03107,-0.026845,-0.21166,-0.20105,-0.106196,-0.1026315,-0.04282,-0.0403055,-0.100301,-0.08583750000000001,-0.039591063,-0.037315842,-0.085264,-0.0845845,-0.135469,-0.12795099999999998,-0.127496,-0.1348955,-0.119514,-0.016125,-0.098775,-0.0961915,-0.08702,-0.082735,-0.156255,-0.1417235,51.8863,49.66145,49.574,47.381550000000004,49.5893,47.39675,127.18,128.825,68.39878082,66.4978714
79,-0.56,-0.02,0.104955,0.10680100000000001,-0.05005,-0.021955000000000002,-0.24364,-0.18552000000000002,-0.124359,-0.0954335,-0.057349,-0.0394155,-0.139251,-0.0538245,-0.053210545,-0.037400745,-0.177305,-0.025444,-0.228342,-0.0687565,-0.228849,-0.071284,-0.264827,0.109496,-0.113314,-0.0950535,-0.10602,-0.077585,-0.195215,-0.10946249999999999,59.3631,48.617549999999994,56.9534,46.332049999999995,56.9686,46.347,120.19,129.82,74.53804779,65.9401474
80,-0.08,0.05,0.106986,0.105962,-0.0324,-0.026994999999999998,-0.2144,-0.200585,-0.107741,-0.10264999999999999,-0.044348,-0.040856,-0.103239,-0.084508,-0.040183436,-0.037704997,-0.097821,-0.0736305,-0.135787,-0.130204,-0.137642,-0.12926300000000002,-0.129907,-0.0050155,-0.100308,-0.09674050000000001,-0.08836,-0.08288000000000001,-0.1592,-0.1403935,52.5569,49.68965,50.2227,47.39985,50.2379,47.41485,127.05,128.87,68.39878082,66.4978714
81,0.43,0.34,0.115691,0.1146925,-0.01773,-0.02598,-0.18553,-0.20967,-0.091883,-0.10323199999999999,-0.02877,-0.0360495,-0.069895,-0.0989095,-0.026455943,-0.033882372,-0.091137,-0.0834235,-0.126464,-0.11867249999999999,-0.131639,-0.123561,0.010568,-0.1011835,-0.084708,-0.09195400000000001,-0.07366,-0.081885,-0.125833,-0.15481450000000002,46.1334,50.77615,43.7825,48.54075,43.7977,48.5557,132.98,128.32,64.11455536,67.6299057
82,-0.03,0.25,0.108977,0.11186650000000001,-0.04441,-0.023594999999999998,-0.2295,-0.18969999999999998,-0.114796,-0.097777,-0.049766,-0.036516999999999994,-0.1238,-0.0512535,-0.046059735,-0.034323126,-0.144034,-0.0606725,-0.205358,-0.0788025,-0.210153,-0.0883455,-0.15707,0.0446145,-0.105737,-0.092211,-0.10038,-0.07929,-0.179771,-0.1069475,56.2641,48.4796,53.918,46.225899999999996,53.9332,46.240899999999996,123.26,129.86,72.90786743,66.25893402
83,0.26,0.25,0.11615,0.1151,-0.02204,-0.02213,-0.19837,-0.19841,-0.098021,-0.099208,-0.033481,-0.034734,-0.086259,-0.085936,-0.034385987,-0.033896416,-0.046897,-0.096201,-0.106054,-0.1319205,-0.106025,-0.1399645,-0.072046,-0.066644,-0.089448,-0.090682,-0.07801,-0.07808,-0.142225,-0.141884,49.1136,48.937650000000005,46.9186,46.754599999999996,46.9336,46.76945,128.43,129.19,68.39878082,66.4978714
84,0.2,0.21,0.114805,0.114238,-0.02352,-0.02206,-0.2017,-0.19774,-0.099816,-0.099327,-0.035303,-0.0351785,-0.089954,-0.08413899999999999,-0.035169959,-0.034478389,-0.104224,-0.0579175,-0.138539,-0.118581,-0.131432,-0.121433,-0.07734,-0.041476,-0.091275,-0.091111,-0.07949,-0.07799500000000001,-0.145927,-0.1400715,49.8269,48.87835,47.6065,46.7216,47.6214,46.7364,127.88,129.1,68.39878082,66.63887787
85,0.68,0.62,0.120066,0.11951049999999999,-0.01955,-0.022394999999999998,-0.18318,-0.20194,-0.087827,-0.097649,-0.024067,-0.0297375,-0.064783,-0.0854405,-0.023871552,-0.026139366,-0.080471,-0.0439875,-0.15867,-0.0620605,-0.153406,-0.07260649999999999,0.019317,-0.0702335,-0.079995,-0.085557,-0.07547,-0.078215,-0.120712,-0.1412605,46.2591,49.72555,43.978,47.566,43.9929,47.58075,133.5,129.33,63.92311096,66.722435
86,-0.12,-0.07,0.1067146988293689,0.1055501543710937,-0.0330382171855587,-0.02659147671233195,-0.2163162341220445,-0.20088577982568462,-0.1088654058779673,-0.10378212249067606,-0.0451190747198077,-0.0411721116812008,-0.104653753175591,-0.08298151910337889,-0.041852854,-0.038321711,-0.0684845938724245,-0.0938109748700186,-0.0732257008708634,-0.17420598712389104,-0.1133861870986627,-0.13615377651279414,-0.0870183779325279,-0.01881804249071175,-0.1010758236612774,-0.09704908318805061,-0.0889982171855587,-0.0824687235367409,-0.1606105021170607,-0.13885849061022876,52.728758610213305,50.17854858780803,50.26240177335074,47.86544853052304,50.27760177335074,47.880441041108334,125.66,128.28,69.30400848,67.06598663
87,0.41,0.23,0.1161460834200193,0.11498775879756375,-0.0199171496759869,-0.025046608090441153,-0.1910845273459172,-0.20383424153130808,-0.0937226917148684,-0.1002363446841225,-0.0301271765908282,-0.03447063160981135,-0.0764153065962519,-0.0919465314613642,-0.028334484,-0.031889059,-0.0681147154654544,-0.07581734004401189,-0.1104135331856678,-0.112555354746072,-0.1252689204464998,-0.10744434233749911,-0.024192459241182,-0.0741598578349312,-0.0860741183168266,-0.0903673256713032,-0.0758572953609907,-0.0809462438779315,-0.1323632191852496,-0.14784323280710626,46.97096356185065,49.83713628302421,44.7267036870039,47.673090470468765,44.74190077330382,47.68818464306861,131.83,128.35,64.3420639,66.76059723
88,-0.19,0.02,0.1080004827209676,0.1102684073153406,-0.0412391859162315,-0.02276046798090375,-0.2268796640536386,-0.18948982369335882,-0.1144098774446508,-0.0963992409958752,-0.0485905482954549,-0.0370343565717546,-0.1201870969555184,-0.0619511634548186,-0.048169211,-0.035475705,-0.1259186574906844,-0.03516168962814515,-0.211258877183227,-0.05582796880253185,-0.2141467494980338,-0.05222577323715015,-0.1772289622117359,0.03848679429109175,-0.1045275920465943,-0.092635377431674,-0.0971693317533628,-0.0783615617593888,-0.1761241407066579,-0.11755266243916825,55.43983683167746,49.05156076070274,53.276694041497095,46.88699374984172,53.29198966638317,46.902137916356466,124.01,129.06,72.01834106,66.50700378
89,-0.05,-0.03,0.107461,0.1067755,-0.03225,-0.025939999999999998,-0.21368,-0.19933499999999998,-0.107167,-0.10356599999999999,-0.043628,-0.0399435,-0.10284,-0.0816405,-0.041092474,-0.036987856,-0.12316,-0.050516000000000005,-0.184265,-0.099462,-0.178329,-0.1259265,-0.087449,-0.0163595,-0.099597,-0.0958615,-0.08822,-0.08185,-0.158809,-0.1375585,52.405,50.20025,50.0287,47.90905,50.0438,47.92385,126.17,128.485,69.35519409,66.93731689
